{
  "main": {
    "id": "2d033e5f35679c08",
    "type": "split",
    "children": [
      {
        "id": "9d10319fd6eaec26",
        "type": "tabs",
        "children": [
          {
            "id": "cda6b27377ec1021",
            "type": "leaf",
            "state": {
              "type": "graph",
              "state": {}
            }
          }
        ]
      }
    ],
    "direction": "vertical"
  },
  "left": {
    "id": "c7413804aa57e544",
    "type": "split",
    "children": [
      {
        "id": "9c38343e2f1c5dce",
        "type": "tabs",
        "children": [
          {
            "id": "a142aea424650520",
            "type": "leaf",
            "state": {
              "type": "file-explorer",
              "state": {
                "sortOrder": "alphabetical"
              }
            }
          },
          {
            "id": "e4d2c8f87044c659",
            "type": "leaf",
            "state": {
              "type": "search",
              "state": {
                "query": "",
                "matchingCase": false,
                "explainSearch": false,
                "collapseAll": false,
                "extraContext": false,
                "sortOrder": "alphabetical"
              }
            }
          },
          {
            "id": "8ac32c05069fae87",
            "type": "leaf",
            "state": {
              "type": "bookmarks",
              "state": {}
            }
          }
        ]
      }
    ],
    "direction": "horizontal",
    "width": 300
  },
  "right": {
    "id": "e4736016a7f52b27",
    "type": "split",
    "children": [
      {
        "id": "e55c7ea4d7225352",
        "type": "tabs",
        "children": [
          {
            "id": "5b107cb24cc44a69",
            "type": "leaf",
            "state": {
              "type": "backlink",
              "state": {
                "collapseAll": false,
                "extraContext": false,
                "sortOrder": "alphabetical",
                "showSearch": false,
                "searchQuery": "",
                "backlinkCollapsed": false,
                "unlinkedCollapsed": true
              }
            }
          },
          {
            "id": "6f5fa96abf055fbb",
            "type": "leaf",
            "state": {
              "type": "outgoing-link",
              "state": {
                "linksCollapsed": false,
                "unlinkedCollapsed": true
              }
            }
          },
          {
            "id": "38f577c5cbba7bec",
            "type": "leaf",
            "state": {
              "type": "tag",
              "state": {
                "sortOrder": "frequency",
                "useHierarchy": true
              }
            }
          },
          {
            "id": "ebb76db3efacba11",
            "type": "leaf",
            "state": {
              "type": "outline",
              "state": {}
            }
          }
        ]
      }
    ],
    "direction": "horizontal",
    "width": 300,
    "collapsed": true
  },
  "left-ribbon": {
    "hiddenItems": {
      "switcher:Open quick switcher": false,
      "graph:Open graph view": false,
      "canvas:Create new canvas": false,
      "daily-notes:Open today's daily note": false,
      "templates:Insert template": false,
      "command-palette:Open command palette": false
    }
  },
  "active": "cda6b27377ec1021",
  "lastOpenFiles": [
    "6.md",
    "5.md",
    "4.md",
    "3.md",
    "2.md",
    "1.md"
  ]
}